"city","gjson"
"Jubail  ","[[49.619765,27.162609],[ 49.7164,27.310448],[ 49.477009,27.366255],[ 49.411121,27.183607],[ 49.365,27.056102],[ 49.411121,26.815527],[ 49.551682,26.879167],[ 49.784484,26.895811],[ 49.679239,26.998462],[ 49.686447,27.031151],[ 49.71091,27.10044],[ 49.602805,27.090799],[ 49.577074,27.136549],[ 49.619765,27.162609]]"
"Hafr Al-Batin  ","[[46.048515,28.436489],[ 46.039724,28.452631],[ 45.987702,28.466282],[ 45.948249,28.466563],[ 45.911501,28.445554],[ 45.910258,28.412823],[ 45.913244,28.392317],[ 45.939795,28.356214],[ 45.94324,28.29543],[ 46.160411,28.280185],[ 46.079309,28.409732],[ 46.048515,28.436489]]"
"Al-Kharj ","[[47.2593859259886,24.12270569792199],[ 47.27298826388972,24.13604787060567],[ 47.29489128769857,24.15325949298931],[ 47.32310804274253,24.16943422006189],[ 47.3253913338682,24.18364070646729],[ 47.33883799762923,24.18825769647658],[ 47.36335505192809,24.19047944776302],[ 47.37901042424714,24.19520716161358],[ 47.38955208070288,24.18721070558556],[ 47.37813920261499,24.17584823571454],[ 47.38277046476181,24.15629432140532],[ 47.393151220515,24.14336062828227],[ 47.38300487165333,24.13124366199066],[ 47.35625576584867,24.11616622992378],[ 47.33503983549895,24.13330704487523],[ 47.30722291128802,24.12027418638771],[ 47.29869235575484,24.09796115142281],[ 47.27980871279188,24.09281580977652],[ 47.26118778024184,24.10247984227839],[ 47.25745815808661,24.11825882721942],[ 47.2593859259886,24.12270569792199]]"
"Tabook  ","[[36.64319294319175,28.39761156128381],[ 36.6093357918305,28.42456467957759],[ 36.57329576081001,28.44741189021303],[ 36.55345458166051,28.46549556812451],[ 36.54046332431575,28.474059650847],[ 36.52601447205859,28.47440241233295],[ 36.49280802952806,28.46424285308466],[ 36.46682246090067,28.45724770810018],[ 36.44806768919864,28.44929684377171],[ 36.43943519933988,28.43754345327182],[ 36.42002454310583,28.41974661663486],[ 36.41753228886041,28.40927497695726],[ 36.45872615843003,28.36429132285807],[ 36.49693175826187,28.34212535169521],[ 36.5307893673175,28.34181993780601],[ 36.54917141977275,28.32503461293527],[ 36.58266230159969,28.32186223577686],[ 36.59634360312158,28.32853139334628],[ 36.60894328749308,28.33772920038517],[ 36.6222725752043,28.35927579199904],[ 36.64317257281199,28.37732929515241],[ 36.64319294319175,28.39761156128381]]"
"Majmaah ","[[45.42196429045964,25.94013885144232],[ 45.38746099050729,25.98178571166952],[ 45.34458908307208,25.97978468842499],[ 45.31196365961183,25.92571926647585],[ 45.31092174515034,25.88244837970589],[ 45.40516358989456,25.85792731744872],[ 45.42196429045964,25.94013885144232]]"
"Sabya  ","[[42.623978,17.181238],[ 42.660185,17.181852],[ 42.672401,17.173144],[ 42.699453,17.168465],[ 42.726509,17.179607],[ 42.744336,17.163794],[ 42.73633,17.144448],[ 42.720326,17.118066],[ 42.681576,17.098123],[ 42.657584,17.079358],[ 42.620697,17.086963],[ 42.597844,17.102581],[ 42.588139,17.110615],[ 42.58667,17.117255],[ 42.582608,17.1397],[ 42.58631,17.159044],[ 42.601075,17.171945],[ 42.623978,17.181238]]"
"Skaka  ","[[40.313699,30.02439],[ 40.198988,30.011397],[ 40.18412,30.019637],[ 40.134704,30.012982],[ 40.054541,29.981612],[ 39.985359,29.882746],[ 40.018303,29.772473],[ 40.242321,29.78293],[ 40.340054,29.864684],[ 40.389469,29.929327],[ 40.313699,30.02439]]"
"Dawadmi  ","[[44.49011485066384,24.54565702186667],[ 44.41444956564668,24.58401438833752],[ 44.31042640623949,24.54731612126584],[ 44.30738380094248,24.46317121669414],[ 44.43373096283303,24.42862491543436],[ 44.49011485066384,24.54565702186667]]"
"Hail  ","[[41.720456339147,27.5990228110633],[ 41.7189891935882,27.5994591060525],[ 41.7155642926117,27.5998974382773],[ 41.7145866799219,27.6003331348519],[ 41.7116538310748,27.60164014347381],[ 41.7092103472595,27.6029466441829],[ 41.7072544002883,27.6038197127309],[ 41.7048088099711,27.6046938549183],[ 41.7023635606993,27.6051298872468],[ 41.6979600340279,27.6042594641277],[ 41.6945372528746,27.6042587054937],[ 41.6906255622385,27.6038222365005],[ 41.6876921037029,27.6033861365407],[ 41.6857364840376,27.6029504251157],[ 41.6847590960932,27.6029500301145],[ 41.6813379241756,27.6025137130858],[ 41.6740082910167,27.6012060526566],[ 41.6705884725951,27.6003349884979],[ 41.6676575625609,27.59946423417],[ 41.6657040845642,27.59902865671331],[ 41.6617964462257,27.5972888747416],[ 41.6598436397058,27.5964183094103],[ 41.6564293427466,27.5946746792447],[ 41.6539899557126,27.5933687820868],[ 41.6500880406488,27.5911927218179],[ 41.6456991113905,27.5894521696907],[ 41.6388848923934,27.5868319851627],[ 41.6335452319539,27.5855080695976],[ 41.6311194653727,27.5846301100308],[ 41.6272402259778,27.5828784815347],[ 41.6233814101658,27.5802455394544],[ 41.6210206209615,27.5784543419527],[ 41.6196023316452,27.5775563029733],[ 41.6181850066264,27.576658835794],[ 41.6182173016713,27.574903356957],[ 41.620676955044,27.5709868234497],[ 41.6226188884792,27.5692571628494],[ 41.6264652167747,27.5679888000551],[ 41.6298210910812,27.56759070004661],[ 41.6317358516799,27.56761368487521],[ 41.6341308078643,27.5676424017688],[ 41.6365633464674,27.5676428362412],[ 41.6404656381311,27.5650347158746],[ 41.6405371735666,27.56281230709361],[ 41.6406229171096,27.5601491183457],[ 41.640250964126,27.557037391189],[ 41.6398510990143,27.5548158472219],[ 41.6394374141451,27.5530391933052],[ 41.6395411540619,27.5490863764744],[ 41.6395267463542,27.5482332051006],[ 41.6390242839814,27.5460884543411],[ 41.6389664955015,27.5426729083324],[ 41.6384565461576,27.5400993497446],[ 41.6379537367086,27.5379525417699],[ 41.637465453629,27.5366604458793],[ 41.6360154801627,27.5336395336117],[ 41.6350539982995,27.5319111077417],[ 41.633634646589,27.5306020611825],[ 41.6331393024858,27.52888310832351],[ 41.6267392552699,27.52677803999501],[ 41.6232868068466,27.5255119164222],[ 41.6218125358439,27.5255213890469],[ 41.6193498893453,27.5251074205127],[ 41.616890996149,27.5251230574887],[ 41.6144309446585,27.525138723272],[ 41.610985137022,27.5251606609263],[ 41.6090152702942,27.5251731639489],[ 41.6075374654738,27.5251825302961],[ 41.6055463205108,27.5234740694169],[ 41.6055109618128,27.5204615947182],[ 41.6054958094329,27.5191702088667],[ 41.6094283727447,27.5182863587954],[ 41.6128712835552,27.5178360143441],[ 41.6168310871342,27.5173741067058],[ 41.6197998320526,27.5164879582001],[ 41.6217775451045,27.5160414092239],[ 41.6247164732113,27.5151650143415],[ 41.6271589406895,27.5142930423474],[ 41.6299798668783,27.5130247424605],[ 41.630868250425,27.511755374662],[ 41.630808342226,27.5096145641283],[ 41.6292909054563,27.507041796243],[ 41.6268726038184,27.5048814746998],[ 41.6249156790635,27.5027273410921],[ 41.6228655565964,27.500162029828],[ 41.6203170410445,27.49759580945731],[ 41.619373255687,27.495861162856],[ 41.6175045268216,27.4932561077016],[ 41.6161017475532,27.4910887419007],[ 41.6133163841565,27.4880524884617],[ 41.6119230016946,27.4863211594361],[ 41.6096126353405,27.4841566489416],[ 41.6059205372982,27.4807010069071],[ 41.6036011229601,27.4776864992637],[ 41.6012942065049,27.475535456325],[ 41.5993044474261,27.4729618685048],[ 41.5978236106551,27.4712454862692],[ 41.5968035671962,27.4695278506606],[ 41.5957829581128,27.4678092253756],[ 41.5943255204734,27.4665213690769],[ 41.5923569217913,27.4643734534632],[ 41.5897995717664,27.4600694471582],[ 41.5873423838417,27.4574889306039],[ 41.5858573362278,27.4557672709422],[ 41.5843456058126,27.4536122304142],[ 41.5809133652366,27.4501691681543],[ 41.5798864157671,27.4484416800758],[ 41.5774624283319,27.4462920328954],[ 41.5760334438043,27.4437132608324],[ 41.5750021983232,27.4411216452867],[ 41.5718582076066,27.437210971687],[ 41.569853829181,27.4346156090943],[ 41.5683368764724,27.4324499270875],[ 41.566356812465,27.4302885402162],[ 41.5643762281184,27.4281264730146],[ 41.5628570658145,27.4259576699096],[ 41.5613640440552,27.42422550248],[ 41.5603871126537,27.4229306827547],[ 41.5589639937438,27.4207824398762],[ 41.5565727864849,27.418637588871],[ 41.554490974105,27.4164482251688],[ 41.5508520059141,27.4129371184819],[ 41.5465697331293,27.4090808089949],[ 41.5423196607213,27.4052362524773],[ 41.5409069924433,27.4035248397634],[ 41.5385550036704,27.4005305795122],[ 41.5371498091598,27.3979600134554],[ 41.5357454262024,27.3953907686812],[ 41.5348267838643,27.3910968544499],[ 41.5351583210023,27.38802278028931],[ 41.5350997665004,27.3871387716201],[ 41.5354096682304,27.3844829940499],[ 41.535233959881,27.3818242759305],[ 41.5360892978483,27.3800474013606],[ 41.5364589147497,27.3782697914927],[ 41.5378936070746,27.3765255149414],[ 41.5417784880479,27.3726186934949],[ 41.5427489932693,27.3713170618716],[ 41.5451737778524,27.3674131348741],[ 41.5466299980808,27.3656770549037],[ 41.5480862407041,27.3639409157308],[ 41.5495424683307,27.3622046864317],[ 41.551972181852,27.3604660116146],[ 41.5539151837529,27.3587284179336],[ 41.5553714412111,27.3569919721317],[ 41.5568287083895,27.3556886365747],[ 41.5587707473514,27.3535175670837],[ 41.5621752125032,27.3522090467994],[ 41.5655788032648,27.3504670817517],[ 41.5684956492504,27.3487262442207],[ 41.5719015671622,27.3478504697114],[ 41.64420177963699,27.3937092068217],[ 41.66609970763437,27.39232582370618],[ 41.69893312946509,27.37473573799659],[ 41.7129342482743,27.376124507003],[ 41.7173313465166,27.3774159944212],[ 41.7202651751043,27.3791423849333],[ 41.7222214912903,27.3804374545498],[ 41.7246645318017,27.381298829356],[ 41.7271102559872,27.3830257170312],[ 41.7315095622501,27.3851817749025],[ 41.7359102314616,27.3877703814657],[ 41.7388440019878,27.3894959630773],[ 41.7417763188265,27.3907886432793],[ 41.74373115314,27.3916503620615],[ 41.7471513568965,27.3929418585143],[ 41.7495949466629,27.3938076378261],[ 41.751548972918,27.3942428670746],[ 41.7569225043971,27.3959799530519],[ 41.7637555473373,27.397717269723],[ 41.7676575107159,27.3985857633977],[ 41.7720475574187,27.3998796841449],[ 41.777896602888,27.4002953109005],[ 41.7798455352459,27.4002901793121],[ 41.7817966502166,27.400715887294],[ 41.7881327078569,27.4011297608808],[ 41.7900814712215,27.4011244846944],[ 41.794961274588,27.4024032161561],[ 41.8013121183285,27.4049701418033],[ 41.8047319290559,27.4062529965181],[ 41.8066871979391,27.4071092753284],[ 41.8096235077366,27.4088250055793],[ 41.8106044791084,27.4096844797236],[ 41.8140323551858,27.4118304335398],[ 41.8145230342172,27.4122602858356],[ 41.8169768677319,27.4144098240028],[ 41.8199190060345,27.4165583084501],[ 41.8233547303091,27.41913601211351],[ 41.8253198044033,27.4204222150272],[ 41.8282688735107,27.4225690114791],[ 41.8297459139742,27.4242930156449],[ 41.8302395973653,27.425156548539],[ 41.8331909277219,27.4277390244232],[ 41.8361407699253,27.4298891814613],[ 41.8385981907241,27.4329127392579],[ 41.8410520202197,27.4350697189917],[ 41.8420375174668,27.4367993031779],[ 41.8430250419647,27.4389623170954],[ 41.8435237183941,27.4411273441215],[ 41.8440204666627,27.4428590052859],[ 41.8440283082314,27.4445925941632],[ 41.8440380951495,27.446759552834],[ 41.8440459372727,27.4484931432353],[ 41.8435687589392,27.4510953930894],[ 41.8421156168748,27.4541346775226],[ 41.8416364263605,27.4563034088905],[ 41.8411533477403,27.4576053595844],[ 41.8396962895124,27.4597776379875],[ 41.8377541917093,27.4628182790431],[ 41.8358078413628,27.4649921213485],[ 41.8343571866549,27.4675971735962],[ 41.8333902003522,27.4693340313505],[ 41.8324207690098,27.4706376022095],[ 41.8299933680202,27.473246628452],[ 41.8275632855326,27.4754224031727],[ 41.8246513732171,27.478900518609],[ 41.8222137744353,27.4797760799622],[ 41.8188013256954,27.4810885835842],[ 41.8144071562878,27.4815373250788],[ 41.8090399523915,27.4828564498608],[ 41.8065946193179,27.4832967410825],[ 41.804151061422,27.4841701746088],[ 41.8007367240906,27.4850490761605],[ 41.7968370474625,27.4863640376443],[ 41.7943956374342,27.4863729629058],[ 41.7909803899381,27.4872522623753],[ 41.7880482088597,27.4872616653566],[ 41.7831704548222,27.4894454199054],[ 41.7778053189337,27.492064323911],[ 41.774389356813,27.4933760446738],[ 41.7734171035172,27.494680174421],[ 41.7714776747388,27.4985897688526],[ 41.7709923239483,27.4994587849806],[ 41.770512153042,27.5016291274253],[ 41.7700319340147,27.5037995965965],[ 41.7695551059742,27.5068378162272],[ 41.7685841709306,27.5085761943103],[ 41.768102122023,27.5103132300091],[ 41.7671328074094,27.5124860797478],[ 41.7661667655189,27.5155271102761],[ 41.7651971997482,27.5177003150619],[ 41.7642358975836,27.5220441826688],[ 41.7637551794601,27.5242163702845],[ 41.7637651948283,27.5268206182025],[ 41.7632860543729,27.5294254831577],[ 41.7628035240497,27.5311624763394],[ 41.7618384431577,27.5346365448482],[ 41.7613640958497,27.5385449388124],[ 41.7608847008733,27.5411525487741],[ 41.7604068805574,27.5441947425495],[ 41.7599306298107,27.5476716840568],[ 41.7589632509005,27.5507163811881],[ 41.7579957145813,27.5537614527281],[ 41.7575142632239,27.5559363555547],[ 41.7565448357365,27.558547974024],[ 41.7555752381563,27.561159878251],[ 41.7541145594708,27.5633363923448],[ 41.752168892423,27.56681770466511],[ 41.7502213913407,27.5698647781506],[ 41.7472944729398,27.5729140592642],[ 41.7453438031353,27.5750900982726],[ 41.7433915414474,27.5768316183261],[ 41.74382267875637,27.58255232281252],[ 41.74451189122702,27.5874132005172],[ 41.74333911114885,27.58970618131801],[ 41.74076056726058,27.59189850126563],[ 41.73746070851221,27.59577543382832],[ 41.73310790053363,27.59714470608685],[ 41.72808022252763,27.5974365505605],[ 41.7259796109068,27.59742737443976],[ 41.72266572424826,27.59859605959509],[ 41.720456339147,27.5990228110633]]"
"Abha  ","[[42.62347,18.272949],[ 42.623274,18.272763],[ 42.641104,18.253741],[ 42.641111,18.253741],[ 42.641713,18.253707],[ 42.642517,18.253662],[ 42.64451,18.253551],[ 42.645216,18.253216],[ 42.645532,18.253066],[ 42.645611,18.252991],[ 42.648415,18.251618],[ 42.649741,18.251008],[ 42.653325,18.249176],[ 42.65935,18.244785],[ 42.659538,18.244648],[ 42.661607,18.24314],[ 42.661939,18.242898],[ 42.661937,18.242968],[ 42.661935,18.243013],[ 42.666689,18.239261],[ 42.675019,18.232074],[ 42.674342,18.228278],[ 42.671965,18.225855],[ 42.668737,18.226339],[ 42.666782,18.228116],[ 42.666642,18.228096],[ 42.665834,18.227979],[ 42.644131,18.224835],[ 42.643889,18.2248],[ 42.643793,18.224786],[ 42.643792,18.224786],[ 42.643727,18.224776],[ 42.643552,18.224751],[ 42.628123,18.229132],[ 42.621017,18.230024],[ 42.617504,18.230465],[ 42.609093,18.226275],[ 42.607803,18.222951],[ 42.605694,18.217514],[ 42.605345,18.217414],[ 42.604168,18.217076],[ 42.595078,18.214466],[ 42.589524,18.216801],[ 42.584658,18.218847],[ 42.584068,18.218973],[ 42.573036,18.221323],[ 42.570998,18.219909],[ 42.565627,18.216181],[ 42.56812,18.204312],[ 42.559229,18.202427],[ 42.55311,18.201286],[ 42.552966,18.200571],[ 42.553018,18.200563],[ 42.550823,18.188183],[ 42.550513,18.188405],[ 42.546345,18.191383],[ 42.53964,18.19334],[ 42.537754,18.192544],[ 42.531293,18.192013],[ 42.528045,18.190454],[ 42.525531,18.191051],[ 42.522737,18.19689],[ 42.520048,18.19689],[ 42.519244,18.196989],[ 42.517847,18.197719],[ 42.516276,18.197553],[ 42.515158,18.196226],[ 42.513203,18.195828],[ 42.511806,18.195563],[ 42.509731,18.195995],[ 42.506941,18.193787],[ 42.506951,18.191118],[ 42.504751,18.189957],[ 42.501084,18.190786],[ 42.499966,18.193051],[ 42.495077,18.192445],[ 42.49403,18.190122],[ 42.491829,18.190023],[ 42.489891,18.192904],[ 42.487721,18.191579],[ 42.482626,18.194725],[ 42.481521,18.195407],[ 42.480291,18.197076],[ 42.47864,18.199317],[ 42.477529,18.207403],[ 42.476406,18.218963],[ 42.473306,18.22338],[ 42.469363,18.224539],[ 42.465719,18.225825],[ 42.465953,18.232309],[ 42.468347,18.234128],[ 42.479971,18.233686],[ 42.479971,18.236631],[ 42.478421,18.240312],[ 42.469395,18.257461],[ 42.480281,18.259746],[ 42.482606,18.272997],[ 42.491906,18.274911],[ 42.495575,18.265172],[ 42.495829,18.264378],[ 42.497555,18.259914],[ 42.498726,18.251354],[ 42.510506,18.247379],[ 42.510726,18.247364],[ 42.511651,18.247042],[ 42.515041,18.247071],[ 42.517016,18.246937],[ 42.517161,18.246909],[ 42.525641,18.244483],[ 42.529725,18.242667],[ 42.532515,18.242962],[ 42.535615,18.241931],[ 42.535815,18.242064],[ 42.564192,18.260939],[ 42.576408,18.267225],[ 42.593038,18.264558],[ 42.604461,18.259416],[ 42.60546,18.262463],[ 42.607461,18.265701],[ 42.607258,18.269891],[ 42.609657,18.277319],[ 42.616668,18.277891],[ 42.62347,18.272949]]"
"Khamis Mushait  ","[[42.623274,18.272763],[ 42.62347,18.272949],[ 42.632289,18.281323],[ 42.639702,18.279801],[ 42.646513,18.282274],[ 42.648917,18.293117],[ 42.658534,18.300726],[ 42.659335,18.308905],[ 42.657933,18.320128],[ 42.653325,18.331352],[ 42.653125,18.336868],[ 42.646914,18.345999],[ 42.649118,18.352847],[ 42.657532,18.353988],[ 42.669552,18.354559],[ 42.67436,18.344287],[ 42.694616,18.340716],[ 42.698902,18.340716],[ 42.703188,18.33904],[ 42.708092,18.344394],[ 42.717918,18.346394],[ 42.725647,18.342393],[ 42.74074,18.343727],[ 42.747051,18.349061],[ 42.765813,18.355004],[ 42.765998,18.355063],[ 42.77408,18.349728],[ 42.784625,18.340393],[ 42.782182,18.330725],[ 42.778334,18.321723],[ 42.791338,18.311054],[ 42.810289,18.314721],[ 42.820123,18.311721],[ 42.824711,18.294718],[ 42.821218,18.283049],[ 42.819129,18.271046],[ 42.824739,18.261441],[ 42.824709,18.26143],[ 42.80338,18.253888],[ 42.802075,18.253427],[ 42.797088,18.257077],[ 42.78999,18.262273],[ 42.789883,18.262351],[ 42.785385,18.262273],[ 42.778165,18.262148],[ 42.778062,18.262146],[ 42.777662,18.26181],[ 42.771031,18.256243],[ 42.758786,18.248622],[ 42.747337,18.23929],[ 42.747049,18.239525],[ 42.726356,18.256381],[ 42.720802,18.268282],[ 42.718842,18.272279],[ 42.713699,18.283601],[ 42.709219,18.281513],[ 42.700004,18.276377],[ 42.67997,18.266676],[ 42.665145,18.266296],[ 42.661539,18.254502],[ 42.66193,18.243156],[ 42.661935,18.243013],[ 42.661937,18.242968],[ 42.661939,18.242898],[ 42.661607,18.24314],[ 42.659538,18.244648],[ 42.65935,18.244785],[ 42.653325,18.249176],[ 42.649741,18.251008],[ 42.648116,18.251839],[ 42.647323,18.252216],[ 42.645532,18.253066],[ 42.645216,18.253216],[ 42.64451,18.253551],[ 42.642517,18.253662],[ 42.641713,18.253707],[ 42.641111,18.253741],[ 42.641104,18.253741],[ 42.623274,18.272763]]"
"Buraidah  ","[[43.89669138952284,26.19905282115155],[ 44.03364381678746,26.19589714786712],[ 44.09054413129044,26.2235839069287],[ 44.09513145619316,26.31248558942274],[ 44.07172467613659,26.38099616251344],[ 44.02208816612843,26.41724939623457],[ 43.96870892953211,26.43364790061905],[ 43.93043361916892,26.44552611486271],[ 43.87755849660364,26.45861964644988],[ 43.8388958686019,26.41653076971354],[ 43.84289066528637,26.35590860275814],[ 43.85288914770383,26.27628785089921],[ 43.8797147471895,26.21393750745633],[ 43.89669138952284,26.19905282115155]]"
"Arar  ","[[41.072915,30.984612],[ 41.039994,31.00603],[ 40.949514,31.019233],[ 40.936336,30.997566],[ 40.90449,30.985319],[ 41.103251,30.902416],[ 41.080191,30.953288],[ 41.075503,30.970316],[ 41.072915,30.984612]]"
"Jizan  ","[[42.53468042720963,16.97142041018295],[ 42.53955921383834,16.93228226399263],[ 42.536429,16.912359],[ 42.5254,16.888087],[ 42.532018,16.871729],[ 42.565107,16.825823],[ 42.637749,16.80614],[ 42.652522,16.830763],[ 42.646727,16.839014],[ 42.639558,16.852206],[ 42.653345,16.858538],[ 42.651139,16.927661],[ 42.657934,16.928207],[ 42.663055,16.93863],[ 42.671558,16.947532],[ 42.656645,16.968302],[ 42.656479,16.968533],[ 42.613638,16.944018],[ 42.613638,16.97304],[ 42.56989889264818,16.98721893990751],[ 42.54140250766544,16.98958301056561],[ 42.53468042720963,16.97142041018295]]"
"Muhayel  ","[[42.031993,18.659281],[ 42.032701,18.655831],[ 42.032736,18.631669],[ 42.032742,18.627826],[ 42.038381,18.612489],[ 42.053151,18.594486],[ 42.061592,18.583817],[ 42.074948,18.572481],[ 42.087592,18.568481],[ 42.093217,18.56248],[ 42.100951,18.555145],[ 42.119907,18.555145],[ 42.147303,18.545143],[ 42.138202,18.527806],[ 42.122077,18.511803],[ 42.112282,18.488465],[ 42.083524,18.469795],[ 42.056855,18.463127],[ 42.026644,18.477796],[ 41.995025,18.494466],[ 41.978832,18.525139],[ 41.97809,18.552478],[ 41.99842,18.573148],[ 41.992044,18.612489],[ 41.99201,18.63516],[ 41.974422,18.659832],[ 41.95821,18.703174],[ 41.974323,18.727178],[ 41.996793,18.725178],[ 42.019991,18.705174],[ 42.028458,18.676502],[ 42.031993,18.659281]]"
"Unaizah","[[43.95455766832227,26.14253343821741],[ 43.91416325373991,26.10276047046251],[ 43.90601899269343,26.08191626601459],[ 43.90818154646988,26.06540540662543],[ 43.94067926602784,26.03586344719859],[ 43.94849575106164,26.02904484971649],[ 43.97444353101803,26.01627798015615],[ 44.02810115636363,26.02380367135078],[ 44.07015266148963,26.0612111257607],[ 44.07737875187881,26.08883674493353],[ 44.06492699667089,26.11923300914648],[ 44.02653333500092,26.13553128469225],[ 43.95455766832227,26.14253343821741]]"
"Baha  ","[[41.511711,20.10828000000002],[ 41.51587000000004,20.14707699999999],[ 41.51315800000002,20.16052900000002],[ 41.51832000000003,20.18665300000002],[ 41.51704400000001,20.19889799999999],[ 41.42220900000001,20.17033200000002],[ 41.37698000000003,20.12946800000001],[ 41.39422100000002,20.109939],[ 41.40322900000002,20.07625400000002],[ 41.38710700000002,20.04818000000003],[ 41.38728499999999,20.039377],[ 41.361077,19.99689300000001],[ 41.37326299999999,19.96963600000003],[ 41.40729099999998,19.95238699999998],[ 41.41568400000001,19.95411599999999],[ 41.46082100000002,19.93951],[ 41.48008700000002,19.966361],[ 41.50970000000004,19.97676200000003],[ 41.51649800000003,19.97325200000002],[ 41.56570500000002,19.991445],[ 41.58155399999998,20.01477399999999],[ 41.531479,20.03007700000002],[ 41.511711,20.10828000000002]]"
"Najran  ","[[44.46588500000001,17.520816],[ 44.60766200000001,17.61933500000002],[ 44.61270400000003,17.65540800000002],[ 44.45890399999998,17.62210400000003],[ 44.39766700000004,17.69746400000001],[ 44.33798100000001,17.71173500000003],[ 44.32879299999998,17.72714200000003],[ 44.276394,17.738635],[ 44.20103599999998,17.64452499999999],[ 44.20873399999999,17.62546300000002],[ 44.20605100000003,17.61193800000002],[ 44.19101300000001,17.58522500000001],[ 44.18233200000002,17.57710200000001],[ 44.179935,17.57522100000001],[ 44.16816799999998,17.56882600000002],[ 44.15901700000001,17.56654400000002],[ 44.15573800000001,17.56438900000001],[ 44.130322,17.561149],[ 44.11803100000002,17.55184600000001],[ 44.09304900000003,17.53959400000002],[ 44.07067499999999,17.535212],[ 44.06069400000003,17.53566200000002],[ 44.021275,17.49551100000002],[ 43.971664,17.47172599999999],[ 43.90894400000001,17.39010200000002],[ 43.90206699999999,17.37535900000001],[ 43.89572499999999,17.34131100000001],[ 43.90555300000001,17.34166099999999],[ 43.92166499999999,17.33873200000001],[ 43.926697,17.337817],[ 43.92855900000003,17.33747900000001],[ 43.96666500000002,17.33055200000001],[ 43.992333,17.37208500000002],[ 44.00399400000001,17.390692],[ 44.01135800000001,17.40246700000001],[ 44.02327700000001,17.39130800000001],[ 44.049582,17.40491600000004],[ 44.06666300000002,17.40583500000002],[ 44.06842199999999,17.40377299999999],[ 44.07947200000001,17.39082500000001],[ 44.07947200000001,17.39082400000001],[ 44.08015500000001,17.390023],[ 44.100605,17.36605800000002],[ 44.110826,17.366391],[ 44.130833,17.38360700000003],[ 44.13805600000003,17.40889100000004],[ 44.15066899999999,17.41039500000002],[ 44.15193300000001,17.410546],[ 44.15448800000002,17.41085100000002],[ 44.16944800000002,17.41263499999998],[ 44.17087800000003,17.41280499999998],[ 44.17927800000004,17.41380699999999],[ 44.18364700000002,17.41411400000001],[ 44.18364800000002,17.41411400000001],[ 44.19027800000003,17.414579],[ 44.202096,17.41412500000001],[ 44.208326,17.41388600000001],[ 44.21329600000003,17.41495400000001],[ 44.21355000000003,17.41500900000001],[ 44.226966,17.41789100000002],[ 44.23968800000003,17.41927100000001],[ 44.252349,17.42042500000001],[ 44.25305500000003,17.42048900000003],[ 44.26321400000001,17.42141599999999],[ 44.27121600000002,17.42211299999998],[ 44.30118100000001,17.42565700000001],[ 44.30273200000001,17.42584],[ 44.32548400000001,17.42853],[ 44.32978600000002,17.42903899999998],[ 44.331381,17.42922799999999],[ 44.36610400000001,17.433334],[ 44.435948,17.43333100000003],[ 44.43746899999999,17.43333100000003],[ 44.43869300000002,17.43333100000003],[ 44.44949300000001,17.43333100000003],[ 44.44640200000001,17.458133],[ 44.46588500000001,17.520816]]"
"Bishah  ","[[42.571809,20.050749],[ 42.574545,20.054768],[ 42.574817,20.055168],[ 42.589198,20.064431],[ 42.603382,20.073568],[ 42.603539,20.073669],[ 42.640763,20.073716],[ 42.642043,20.072815],[ 42.651011,20.066504],[ 42.650991,20.05968],[ 42.655612,20.030384],[ 42.650411,20.007498],[ 42.637063,19.978581],[ 42.631017,19.959707],[ 42.616418,19.942027],[ 42.585652,19.955636],[ 42.572425,19.968463],[ 42.554562,20.005369],[ 42.555045,20.024235],[ 42.566198,20.033883],[ 42.571809,20.050749]]"
"Gurayyat  ","[[37.281244,31.419384],[ 37.270624,31.397541],[ 37.319563,31.307976],[ 37.332965,31.269377],[ 37.361344,31.265514],[ 37.457472,31.220207],[ 37.441516,31.311734],[ 37.397929,31.340484],[ 37.37154,31.352817],[ 37.281244,31.419384]]"
"Taif  ","[[40.577696,21.42722000000002],[ 40.63908700000001,21.44285000000001],[ 40.65170100000002,21.44407100000004],[ 40.55772000000001,21.57990300000002],[ 40.55500200000002,21.59418300000002],[ 40.514989,21.563933],[ 40.38996100000003,21.53243499999999],[ 40.36112900000003,21.54102599999998],[ 40.33689,21.54018799999999],[ 40.30100400000001,21.50312600000002],[ 40.316968,21.47479300000002],[ 40.353651,21.42535499999999],[ 40.37060300000002,21.412601],[ 40.37094200000001,21.41211400000003],[ 40.38133300000001,21.35090099999999],[ 40.38735100000002,21.33854199999998],[ 40.38670900000002,21.33699100000003],[ 40.36588599999998,21.30735799999998],[ 40.32999600000001,21.29289700000004],[ 40.35301200000001,21.270764],[ 40.35571499999999,21.26461400000002],[ 40.35215199999999,21.23182399999999],[ 40.33198499999999,21.19881499999999],[ 40.369716,21.193204],[ 40.43094600000001,21.12880100000001],[ 40.432196,21.12972600000001],[ 40.44966000000002,21.18693200000004],[ 40.45215600000002,21.190994],[ 40.45117699999999,21.195184],[ 40.479001,21.24936100000001],[ 40.50350800000003,21.25838799999999],[ 40.50346200000001,21.29538000000001],[ 40.504896,21.299112],[ 40.550419,21.32532400000001],[ 40.53717100000002,21.37440200000003],[ 40.54288300000001,21.39885700000002],[ 40.54331100000001,21.39967399999999],[ 40.577696,21.42722000000002]]"
"Khafji  ","[[48.492905,28.489583],[ 48.471147,28.485893],[ 48.448393,28.421903],[ 48.463957,28.398144],[ 48.489933,28.399179],[ 48.52164,28.417182],[ 48.509177,28.443711],[ 48.498828,28.47966],[ 48.492905,28.489583]]"
"Abu Arish ","[[42.791438,17.01488],[ 42.791684,17.01425],[ 42.802998,17.01457],[ 42.815949,17.021642],[ 42.821496,17.02585],[ 42.825159,17.027832],[ 42.831807,17.028103],[ 42.831749,17.028764],[ 42.837095,17.028433],[ 42.851234,17.02375],[ 42.861682,17.015548],[ 42.870279,16.997967],[ 42.875851,16.981511],[ 42.876575,16.979374],[ 42.876849,16.964034],[ 42.867394,16.938865],[ 42.861728,16.930909],[ 42.856679,16.923819],[ 42.824723,16.912375],[ 42.802594,16.921744],[ 42.78109,16.947526],[ 42.774333,16.958074],[ 42.750353,16.958651],[ 42.750151,16.959217],[ 42.74176,16.982679],[ 42.740969,16.988235],[ 42.739924,16.995573],[ 42.752226,17.003783],[ 42.771909,17.014341],[ 42.791438,17.01488]]"
"Yanbu","[[37.9869441984255,24.1717106606892],[ 37.955616533276,24.1733768067178],[ 37.9306810934,24.1518417422769],[ 37.938883050734,24.1274221967037],[ 38.0069574882537,24.0794419081593],[ 38.0463842588337,24.0595926838303],[ 38.0735588375484,24.04966549235621],[ 38.1029877925873,24.0252569035054],[ 38.115527323753,24.0173777742208],[ 38.1576542738513,23.9937800557315],[ 38.1807362110771,23.9784580088457],[ 38.2060835197896,23.9676868957587],[ 38.2215925603589,23.9539947340203],[ 38.2745149905679,23.92620234228921],[ 38.3093756854234,23.9274038587266],[ 38.3157334873437,23.9369188802397],[ 38.3234542033918,23.9489119420822],[ 38.3176129012535,23.9679671891005],[ 38.2854009141109,23.9932006456436],[ 38.251962238811,24.0251075236349],[ 38.224374053559,24.0466433613595],[ 38.1305947572587,24.1215736705654],[ 38.09166118176081,24.15417952480781],[ 37.9869441984255,24.1717106606892]]"
"Wadi Addawaser","[[44.90317866261491,20.41498377120679],[ 44.91230890082654,20.44304026753915],[ 44.8544594350086,20.47705968620193],[ 44.73529649756476,20.50983694911791],[ 44.7184545151883,20.47209563630356],[ 44.746371497992,20.43380676014991],[ 44.90317866261491,20.41498377120679]]"
"Riyadh  ","[[47.03409129341552,24.86006828475596],[ 46.70689620063759,24.99065207156756],[ 46.51400891847188,24.76551644838951],[ 46.49018466013547,24.55025030413115],[ 46.68011895966697,24.41256153990528],[ 46.98407576277248,24.45945578841156],[ 47.03409129341552,24.86006828475596]]"
"Dammam  ","[[50.221748,26.374198],[ 50.215233,26.51259],[ 50.162083,26.515044],[ 50.155039,26.491521],[ 50.139206,26.508906],[ 50.106948,26.530616],[ 50.101246,26.530821],[ 50.09614,26.567899],[ 50.082505,26.600146],[ 50.046195,26.601441],[ 50.008936,26.592953],[ 49.99501,26.619132],[ 49.985102,26.685064],[ 49.894693,26.685798],[ 49.863461,26.630227],[ 49.894145,26.595036],[ 49.758258,26.51946],[ 49.821818,26.283901],[ 49.98291,26.331994],[ 50.070518,26.339498],[ 50.11181,26.359043],[ 50.15423,26.357052],[ 50.177769,26.361805],[ 50.197765,26.356876],[ 50.209941,26.362503],[ 50.221748,26.374198]]"
"Makkah  ","[[39.65024226118882,21.40738019781964],[ 39.65989373653996,21.39511766375613],[ 39.67350933403289,21.37350217467618],[ 39.68171704820246,21.35612840436891],[ 39.72003878596186,21.36768691673283],[ 39.74141424177344,21.36517039826919],[ 39.74507601164105,21.36138554367888],[ 39.75100688728657,21.2910286911128],[ 39.76510081186257,21.28679818179845],[ 39.78510215683384,21.30466663097732],[ 39.83096748499488,21.32004172834952],[ 39.83732316713322,21.32004430821694],[ 39.85189731563845,21.31527888724594],[ 39.87895218344016,21.24471988335026],[ 39.91134706087288,21.28617670302176],[ 39.93225625416942,21.3018044571868],[ 39.93770120601651,21.30180750631655],[ 39.94318972466744,21.30134580177046],[ 39.95952777423706,21.29838874203046],[ 39.98846363645521,21.28154584974406],[ 40.02662292125631,21.31407832479272],[ 40.03961178425529,21.35867508932384],[ 40.04000555410042,21.3712313082582],[ 40.04256588620875,21.38308863960866],[ 40.04728229607892,21.39783480739499],[ 40.06271131688412,21.41263035732904],[ 40.06495726996731,21.41515858579631],[ 40.05264394135534,21.45056917687823],[ 39.99256302013284,21.45618090741185],[ 39.98071050386005,21.48110494949779],[ 39.99974579373124,21.51908799964063],[ 39.99701019193483,21.52583885521014],[ 39.98428381206992,21.52583828824047],[ 39.96928548589134,21.51950361312974],[ 39.93335716289663,21.51482381167721],[ 39.91383537844493,21.53253289429507],[ 39.9061355592908,21.53127989998554],[ 39.86581759896662,21.540250552575],[ 39.85303359501041,21.5350132517595],[ 39.83536718101297,21.54309876967896],[ 39.82585461230553,21.55251480653111],[ 39.82222237640706,21.55846804605262],[ 39.82131661395985,21.56996597217742],[ 39.82177222950437,21.5750752371765],[ 39.81312578726062,21.58395506655423],[ 39.79174253921423,21.5848277871307],[ 39.78353622678695,21.58703642567489],[ 39.77943428360693,21.58958878268137],[ 39.75799300957481,21.61040132566817],[ 39.74887435957137,21.60999281269181],[ 39.74522680338254,21.60915173446723],[ 39.73931040137143,21.59940979884479],[ 39.73526320444612,21.56674789101779],[ 39.7253742755147,21.53696248498784],[ 39.71981073427433,21.52693554015959],[ 39.71209140418997,21.51590568607931],[ 39.70756298113139,21.50445647878286],[ 39.70211046956338,21.50063516190097],[ 39.69667642704588,21.4921490391882],[ 39.69215924041555,21.48704885363806],[ 39.6734303020631,21.46969977098623],[ 39.65024226118882,21.40738019781964]]"
"Hafuf  ","[[49.442733,25.265753],[ 49.525974,25.251906],[ 49.761458,25.250917],[ 49.766723,25.374957],[ 49.762988,25.446477],[ 49.754476,25.491803],[ 49.728354,25.494349],[ 49.661627,25.512641],[ 49.633878,25.570478],[ 49.600714,25.634434],[ 49.540799,25.637162],[ 49.526299,25.625711],[ 49.472306,25.588181],[ 49.424114,25.546642],[ 49.355111,25.432901],[ 49.357302,25.328062],[ 49.442733,25.265753]]"
"Khubar  ","[[50.197747,26.356504],[ 50.169312,26.359595],[ 50.157401,26.356283],[ 50.11359,26.358123],[ 50.10072,26.345612],[ 50.083196,26.337024],[ 50.02761,26.331134],[ 49.999133,26.312154],[ 49.885225,26.229618],[ 49.863867,26.091566],[ 49.899463,26.019348],[ 50.171091,26.02647],[ 50.329906,26.153223],[ 50.339764,26.205299],[ 50.239808,26.289204],[ 50.231179,26.343577],[ 50.208219,26.35991],[ 50.197747,26.356504]]"
"Jeddah  ","[[39.10291292314559,21.28997958268886],[ 39.18593525946505,21.16183522690705],[ 39.23779624441951,21.22780223000074],[ 39.3738078272007,21.26403401734424],[ 39.41324214021339,21.39528198299925],[ 39.47726681716831,21.47937626101585],[ 39.49085184011604,21.57188356748847],[ 39.47079962799754,21.66148003980501],[ 39.35112008733952,21.76083713358944],[ 39.35102532616579,21.79498666002805],[ 39.31256419914777,21.83197556490018],[ 39.24651151943786,21.84187667377872],[ 39.18165603992515,21.91164294955605],[ 39.16172263563417,21.90019127904858],[ 39.05691624542975,21.9313466585573],[ 39.05033926764253,21.99561026944267],[ 38.96673542803591,22.03974907810679],[ 38.92683865880172,22.01245674870451],[ 38.9758279676739,21.85401756017213],[ 39.08126816356771,21.70607498129947],[ 39.10291292314559,21.28997958268886]]"
"Madinah  ","[[39.5526190084736,24.29079802878742],[ 39.55697802120135,24.29391787862918],[ 39.59019621009247,24.30816936910934],[ 39.59969132912384,24.31573803489537],[ 39.61449123248614,24.32581466245088],[ 39.63015080356077,24.33313557628965],[ 39.64177585419903,24.33983318993128],[ 39.64875080075782,24.34371266228284],[ 39.66153262429349,24.35041589148507],[ 39.66927532696148,24.35323776214143],[ 39.688234164324,24.36134756398761],[ 39.70561173061766,24.36522008697147],[ 39.7191944661697,24.39518163433786],[ 39.72470241373546,24.41530264185508],[ 39.72722859631141,24.42285990654078],[ 39.72969394029656,24.43501826393933],[ 39.73134318880715,24.44669802110944],[ 39.73135332246456,24.45763801881167],[ 39.73300536427077,24.47057256754115],[ 39.73903618718114,24.48599928175571],[ 39.74864016434709,24.50369978960288],[ 39.75303640199766,24.51019549050643],[ 39.75798876444743,24.51794807468297],[ 39.76466347632829,24.52891674555116],[ 39.76773620714152,24.53561372259906],[ 39.77075016493978,24.54137314888454],[ 39.7709547127084,24.54588897493892],[ 39.7708207659374,24.55409637734585],[ 39.77010544642852,24.5583601501471],[ 39.76954462199858,24.56085873260521],[ 39.76859684903138,24.56369084425348],[ 39.76812324993156,24.57023452122695],[ 39.76479271690047,24.57316108020307],[ 39.75931844597717,24.57542779635813],[ 39.75355248002035,24.57926342365035],[ 39.74624845917742,24.58227175499026],[ 39.73608969799047,24.58403227324452],[ 39.73114412851352,24.58703221868137],[ 39.72208098844031,24.58954045526457],[ 39.71631350687514,24.59254678405341],[ 39.70724509675209,24.59630973751935],[ 39.69350694113216,24.60206037303215],[ 39.68472851730539,24.60704373221522],[ 39.67409415917751,24.60946339926094],[ 39.66613038469787,24.61197177688604],[ 39.6594407230195,24.6130605481254],[ 39.65368512706368,24.61330038440635],[ 39.64344593908899,24.61985285269071],[ 39.63543933038198,24.61862307016359],[ 39.62361074521716,24.61537055563054],[ 39.60790063127854,24.61573207729236],[ 39.59178287417658,24.61442837032216],[ 39.57318051663408,24.61070232749131],[ 39.55833103692905,24.60755137016428],[ 39.54844580124841,24.60459278262892],[ 39.5420985317007,24.59579290016671],[ 39.52855904766674,24.58808044084535],[ 39.51265558360392,24.57771677611937],[ 39.49855640595528,24.56433000545228],[ 39.48894030441222,24.54272685950977],[ 39.48302499705032,24.52832785242843],[ 39.47887944443331,24.52052257362547],[ 39.47211101419416,24.50863311681573],[ 39.46569333706259,24.49857498711538],[ 39.45882334888054,24.48598001852278],[ 39.45509254214625,24.4803605059771],[ 39.44598162737447,24.47049651273794],[ 39.43790733251659,24.45612018101767],[ 39.42823379717905,24.441740022199],[ 39.42952470722415,24.42443441359579],[ 39.44149472902996,24.39654841111076],[ 39.4439961629144,24.37989641650434],[ 39.46364934330926,24.35067524627494],[ 39.47357160578837,24.33530886664136],[ 39.48391249725932,24.32062810780251],[ 39.49618627141375,24.31014139906738],[ 39.5038647484348,24.30175448187958],[ 39.51153655519213,24.29510459403553],[ 39.52342075221512,24.28911022025978],[ 39.53801357537965,24.28485636001949],[ 39.54916053000101,24.28624522157075],[ 39.55031286855004,24.2893958872068],[ 39.5526190084736,24.29079802878742]]"
